Circle,SSA,Hotspot Name,Location Name,,,Daily Requests
BIHAR,PATNA,EZBRGYABODHGYA,Bodha gaya  Patna,Historical Site,,701
ORISSA,BHUBANESWAR,EZORBBRPJNTBTS,Badadanda,Municipality,,241
ORISSA,BHUBANESWAR,EZORBBRSTKONRK,Sun Temple,Historical Site,Temple,2
UTTAR PRADESH (EAST),VARANASI,NZUEVRSGHATBSN,Ghat,Municipality,,2110
UTTAR PRADESH (EAST),VARANASI,NZUEVRSSARNATH,Dhammekh Stupa,Historical Site,,1491
UTTAR PRADESH (WEST),AGRA,NZUWAGRFATPRSK,Fatehpur Sikrii,Historical Site,,2
UTTAR PRADESH (WEST),AGRA,NZUWAGRTAJMHAL,Taj Mahal,Historical Site,,1152
ANDHRA PRADESH,ADILABAD,SZAPADBRTCBSTD,TSRTC BUS STANDS,Bus Terminal,,3024
ANDHRA PRADESH,ANANTPUR,SZAPATPANTRCLB,Anantapur Club.,Club,,126
ANDHRA PRADESH,ANANTPUR,SZAPATPAPSRTCB,Ananthpur Bus stand,Bus Terminal,,7881
ANDHRA PRADESH,CUDDAPAH,SZAPCDPAPSRTCB,Cuddapah APSRTC,Bus Terminal,,2050
ANDHRA PRADESH,TIRUPATI,SZAPCHTAIRPORT,Tirupathi Airport,Airport,,986
ANDHRA PRADESH,Chittor,SZAPCHTBGPTBTS,Bhairagipateda BTS ,Telephone exchange,,214
ANDHRA PRADESH,Chittor,SZAPCHTBLJIBTS,Balaji colony BTS Tirupathi,Telephone exchange,,571
ANDHRA PRADESH,Chittor,SZAPCHTBVNIBTS,Bhavani nagar BTS Tirupath,Telephone exchange,,
ANDHRA PRADESH,Chittor,SZAPCHTESEVASK,E-Seva Srikalahasthi.,Municipality,,338
ANDHRA PRADESH,Chittor,SZAPCHTKRGTBTS,Korlagunta BTS Tirupathi,Telephone exchange,,694
ANDHRA PRADESH,Chittor,SZAPCHTPDPMBTS,Padmavathipuram BTS Tirupathi,Telephone exchange,,50
ANDHRA PRADESH,Chittor,SZAPCHTPGLRBTS,Panagal Road BTS Srikalahasthi,Telephone exchange,,119
ANDHRA PRADESH,Chittor,SZAPCHTTMNEXNG,Main Exchange Tirupathi,Telephone exchange,,444
ANDHRA PRADESH,TIRUPATI,SZAPCHTTPTYEBS,Edukondalu Bus stand,Bus Terminal,,431
ANDHRA PRADESH,TIRUPATI,SZAPCHTTPTYHBS,Sri Hari Bus stand,Bus Terminal,,1447
ANDHRA PRADESH,TIRUPATI,SZAPCHTTPTYSBS,Srinivasa Bus stand ,Bus Terminal,,2222
ANDHRA PRADESH,Chittor,SZAPCHTTUDABSN,TUDA BSNL Exchange Tirupathi,Telephone exchange,,17
ANDHRA PRADESH,GUNTUR,SZAPGTRADLPTEX,Arundalpeta Telephone Exchange,Telephone exchange,,514
ANDHRA PRADESH,GUNTUR,SZAPGTRAMRVTRD,Amaravathi road.,Municipality,,173
ANDHRA PRADESH,GUNTUR,SZAPGTRAPSRTCB,Guntur APSRTC Bus stand,Bus Terminal,,7134
ANDHRA PRADESH,GUNTUR,SZAPGTRBPTLRSU,Baptla RSU,Municipality,,178
ANDHRA PRADESH,GUNTUR,SZAPGTRBSKRDLX,Balaji Talkies.,Office,,297
ANDHRA PRADESH,GUNTUR,SZAPGTRCHKPRSU,Chilakaluripeta,Municipality,,338
ANDHRA PRADESH,GUNTUR,SZAPGTRCLCTCMD,Collectorate Compound.,Municipality,Compound,439
ANDHRA PRADESH,GUNTUR,SZAPGTRGOVHOSP,Govt General Hospital,Hospital,,905
ANDHRA PRADESH,GUNTUR,SZAPGTRJKCNAGR,JKC Nagar,Municipality,,79
ANDHRA PRADESH,GUNTUR,SZAPGTRKTHPTEX,Kothapeta TE Guntur,,,86
ANDHRA PRADESH,GUNTUR,SZAPGTRLDGECTR,Lodge Centre,Municipality,Junction,570
ANDHRA PRADESH,GUNTUR,SZAPGTRMGLGRTE,Mangalagiri TE ,Municipality,,89
ANDHRA PRADESH,GUNTUR,SZAPGTRPBZRTEX,Patnam Bazar NBSNL,BSNL Office,,526
ANDHRA PRADESH,GUNTUR,SZAPGTRRSHIVLH,Rishi Vally Homes Guntur,Residential,,121
ANDHRA PRADESH,GUNTUR,SZAPGTRTENLIMW,Tenali  M/W,Municipality,,115
ANDHRA PRADESH,HYDERABAD,SZAPHYDAMRPTCS,CSC Ameerpet..,,,
ANDHRA PRADESH,HYDERABAD,SZAPHYDAPRTCJB,Jubilee Bus Station(JBS) Hyderabad,Bus Terminal,,3377
ANDHRA PRADESH,HYDERABAD,SZAPHYDAPRTCMG,Mahatma Gandhi Bus stand,Bus Terminal,,12356
ANDHRA PRADESH,HYDERABAD,SZAPHYDBIRLAMD,Birla Mandir,Historical Site,,223
ANDHRA PRADESH,HYDERABAD,SZAPHYDBIRLAPT,Birla Planetarium,Historical Site,Museum,14
ANDHRA PRADESH,HYDERABAD,SZAPHYDBIRLASM,Birla Science Museum,Historical Site,Museum,118
ANDHRA PRADESH,HYDERABAD,SZAPHYDBSBVNCS,BSNL Bhavan CSC,BSNL Bhavan,,171
ANDHRA PRADESH,HYDERABAD,SZAPHYDCCTOCSC,CSC CTO secunderabad..,,,56
ANDHRA PRADESH,HYDERABAD,SZAPHYDCHARMNR,Charminar,Historical Site,,1883
ANDHRA PRADESH,HYDERABAD,SZAPHYDCHRMRCS,CSC  Charminar Hyderabad..,Municipality,,69
ANDHRA PRADESH,HYDERABAD,SZAPHYDCSCGWGD,CSC Gowliguda Hyderbad,Municipality,,196
ANDHRA PRADESH,HYDERABAD,SZAPHYDCTOCSAD,CSC CTO Abids.,,,1011
ANDHRA PRADESH,HYDERABAD,SZAPHYDDSBVNCS,Door Sanchar Bhavan CSC,Door Sanchar Bhavan Office,,371
ANDHRA PRADESH,HYDERABAD,SZAPHYDERGDACS,CSC Erragadda,,,198
ANDHRA PRADESH,HYDERABAD,SZAPHYDGANDIHP,Ghandhi Hospital,Hospital,,1019
ANDHRA PRADESH,HYDERABAD,SZAPHYDHTDCSCT,HTD CSC Tolichoki ,BSNL Customer Service Center,,121
ANDHRA PRADESH,HYDERABAD,SZAPHYDJBHLSCS,CSC Jublee Hills  Hyderabad.,,,20
ANDHRA PRADESH,HYDERABAD,SZAPHYDKOMPALY,Kompally ,Municipality,,80
ANDHRA PRADESH,HYDERABAD,SZAPHYDKPHBCSC,CSC KPHB ,BSNL Customer Service Center,,154
ANDHRA PRADESH,HYDERABAD,SZAPHYDKRTABAD,CSC Khairatabad.,BSNL Customer Service Center,,392
ANDHRA PRADESH,HYDERABAD,SZAPHYDKSGDACS,CSC Kushaiguda -2,BSNL Customer Service Center,,2386
ANDHRA PRADESH,HYDERABAD,SZAPHYDLGMPLCS,CSC  Lingampally.,BSNL Customer Service Center,,362
ANDHRA PRADESH,HYDERABAD,SZAPHYDLUMBPRK,Lumbini Park,Park,,1381
ANDHRA PRADESH,HYDERABAD,SZAPHYDMDHPRCS,CSC Madhapur Hyderabad.,BSNL Customer Service Center,,20
ANDHRA PRADESH,HYDERABAD,SZAPHYDMEDCHAL,Medchal Suburb,Municipality,,35
ANDHRA PRADESH,HYDERABAD,SZAPHYDMSBADCS,CSC Musheerabad.,BSNL Customer Service Center,,
ANDHRA PRADESH,HYDERABAD,SZAPHYDNECLCRD,Necklace Road,Tourist Spot,,3774
ANDHRA PRADESH,HYDERABAD,SZAPHYDNIMSHSP,NIMS Hospital,Hospital,,1218
ANDHRA PRADESH,HYDERABAD,SZAPHYDPATNYCS,CSC Patny,,,66
ANDHRA PRADESH,HYDERABAD,SZAPHYDPJGTCSC,CSC  Paujagutta Hyderabad .,,,230
ANDHRA PRADESH,HYDERABAD,SZAPHYDPLZAHTL,Plaza Hotel,Hotel,,23
ANDHRA PRADESH,HYDERABAD,SZAPHYDPUBLGDN,Public Garden,Public Garden,,809
ANDHRA PRADESH,HYDERABAD,SZAPHYDSARONGR,CSC Saroor nagar.,BSNL Customer Service Center,,131
ANDHRA PRADESH,HYDERABAD,SZAPHYDSNJVPRK,Sanjeeviaya Park Hyderabad,Public Garden,,6
ANDHRA PRADESH,HYDERABAD,SZAPHYDTARABAR,Taramati Baradari Resort,Resort,,51
ANDHRA PRADESH,HYDERABAD,SZAPHYDTLBVNCS,Telephone Bhavan CSC Hyderabad,BSNL Bhavan,,1014
ANDHRA PRADESH,HYDERABAD,SZAPHYDTMLGRCS,CSC Thirumalagiri,BSNL Customer Service Center,,373
ANDHRA PRADESH,HYDERABAD,SZAPHYDTNKBKRD,Tank Bund Road,Municipality,Road,2984
ANDHRA PRADESH,HYDERABAD,SZAPHYDTRNKACS,CSC Tarnaka Hyderabad.,BSNL Customer Service Center,,597
ANDHRA PRADESH,KARIMNAGAR,SZAPKAARTCBSTD,Karimnagar TSRTC,Bus Terminal,,6958
ANDHRA PRADESH,KHAMMAM,SZAPKHMRTCBSTD,Khammam Bus stand,Bus Terminal,,5728
ANDHRA PRADESH,KURNOOL,SZAPKNLKBSERME,Kurnool Bus stand-2 ,Bus Terminal,,498
ANDHRA PRADESH,KURNOOL,SZAPKNLKBSNSMR,Kurnool Bus stand-1,Bus Terminal,,6095
ANDHRA PRADESH,MAHABUBNAGAR,SZAPMBNRTCSTND,TSRTC bus stand Mahaboobnagar,Bus Terminal,,64
ANDHRA PRADESH,NALGONDA,SZAPNGDRTCBSTD,Nalgonda TSRTC,Bus Terminal,,3398
ANDHRA PRADESH,NIZAMABAD,SZAPNZBBUSSTOP,Nizamabad APSRTC bus stop,Bus Terminal,,5884
ANDHRA PRADESH,RAJAHMUNDRY,SZAPRMYAIRPORT,Rajahmundry airport,Airport,,712
ANDHRA PRADESH,RAJAHMUNDRY,SZAPRMYAPLOHSP,APOLO HOSPITAL Kakinada.,Hospital,,236
ANDHRA PRADESH,RAJAHMUNDRY,SZAPRMYBTEKKND,BSNL Telephone Exchange  Kakinada.,Telephone exchange,,231
ANDHRA PRADESH,RAJAHMUNDRY,SZAPRMYCLCTRTO,Collectorate Kakinada.,Municipality,Collectorate Office,185
ANDHRA PRADESH,RAJAHMUNDRY,SZAPRMYDRDAKAK,DRDA KAKINADA.,,,12
ANDHRA PRADESH,RAJAHMUNDRY,SZAPRMYEGACEGD,Arts College Ground,College,,967
ANDHRA PRADESH,RAJAHMUNDRY,SZAPRMYEGBOLHP,Bollineni Hospital,Hospital,,789
ANDHRA PRADESH,RAJAHMUNDRY,SZAPRMYEGGAPRK,Gandhi Park Rajamundry,Park,,530
ANDHRA PRADESH,RAJAHMUNDRY,SZAPRMYEGKACRU,Kambala cheruvu,Municipality,Junction,1229
ANDHRA PRADESH,RAJAHMUNDRY,SZAPRMYEGRAPCB,Rajahmundry APSRTC Bus stand,Bus Terminal,,2287
ANDHRA PRADESH,RAJAHMUNDRY,SZAPRMYEGRTCBK,APRTC  Bus Stand Kakinad East Godavari,Bus Terminal,,4225
ANDHRA PRADESH,RAJAHMUNDRY,SZAPRMYEGSAIHP,Sai Hospital Rajamundry,Hospital,,21
ANDHRA PRADESH,ELURU,SZAPRMYELRMNCS, CSC BSNL MAIN BHAVAN Eluru..,BSNL Bhavan,,35
ANDHRA PRADESH,ELURU,SZAPRMYELRMVCS,CSE MOTHEY VARI BULDING ,Municipality,,243
ANDHRA PRADESH,ELURU,SZAPRMYELRTDCS,CSC TTD RSU,,,47
ANDHRA PRADESH,RAJAHMUNDRY,SZAPRMYGKVRMBS,GOKAVARAM BUS STOP Rajahmundry,Bus Terminal,,1122
ANDHRA PRADESH,RAJAHMUNDRY,SZAPRMYHPINTHP,Hope International Hospital Kakinada,Hospital,,573
ANDHRA PRADESH,RAJAHMUNDRY,SZAPRMYRCPMCTR,RamachandrapuramMarket centre.,Market,,167
ANDHRA PRADESH,RAJAHMUNDRY,SZAPRMYRCPMOBS,RAMACHANDRAPURAM OLD BUS STOP,Bus Terminal,,375
ANDHRA PRADESH,RAJAHMUNDRY,SZAPRMYSBDRARD,SUBDRA ARCADE,Mall,,173
ANDHRA PRADESH,RAJAHMUNDRY,SZAPRMYVVKNDPK,Vivekananda Park Kakinada.,Park,,922
ANDHRA PRADESH,RAJAHMUNDRY,SZAPRMYWGERTCB,Eluru APSRTC,Bus Terminal,,3828
ANDHRA PRADESH,RAJAHMUNDRY,SZAPRMYWGKRTCB,Kovuru APSRTC Bus stand ,Bus Terminal,,
ANDHRA PRADESH,RAJAHMUNDRY,SZAPRMYWGNRTCB,Narasapur RTC Bus stand,Bus Terminal,,
ANDHRA PRADESH,SANGAREDDY,SZAPSGDRTCBSMK,Patancheru APSRTC bus stand Medak,Bus Terminal,,
ANDHRA PRADESH,VIJAYAWADA,SZAPVJWAIRPORT,Vijayawada Airport,Airport,,1919
ANDHRA PRADESH,VIJAYAWADA,SZAPVJWAPSRTCS,Pandit Nehru Vijayawada APSRTC Bustand,Bus Terminal,,6582
ANDHRA PRADESH,VIJAYAWADA,SZAPVJWBKGPETA,Buckinghumpeta,,,284
ANDHRA PRADESH,VIJAYAWADA,SZAPVJWBVNIPRM,Bhavanipuram ,Municipality,Locality,184
ANDHRA PRADESH,VIJAYAWADA,SZAPVJWCTXBLDG,CTX Building ,,,11
ANDHRA PRADESH,VIJAYAWADA,SZAPVJWELURURD,Eluru Road ,Municipality,Road,396
ANDHRA PRADESH,VIJAYAWADA,SZAPVJWINDRSTL,Industrial Estate,Municipality,Industrial Area,197
ANDHRA PRADESH,VIJAYAWADA,SZAPVJWMCHVARM,Machavaram,Municipality,Town,698
ANDHRA PRADESH,VIJAYAWADA,SZAPVJWTAXBLDG,Tax Building,Office,,248
ANDHRA PRADESH,VISAKHAPATNAM,SZAPVSKAIRPORT,Visakhapatnam Airport,Airport,,5000
ANDHRA PRADESH,VISAKHAPATNAM,SZAPVSKASLMETA,ASILMETTA Visakhapatnam.,Municipality,Neighborhood/Town,560
ANDHRA PRADESH,VISAKHAPATNAM,SZAPVSKCRRBCSC,CRR Exchange/CSC  ,,,450
ANDHRA PRADESH,VISAKHAPATNAM,SZAPVSKDBGDCSC,DABAGARDENCE CSC ,BSNL Customer Service Center,,908
ANDHRA PRADESH,VISAKHAPATNAM,SZAPVSKKLSGIRI,Kailasagiri,Tourist Spot,Park,217
ANDHRA PRADESH,VISAKHAPATNAM,SZAPVSKMVPCCSC,MVP COLONY CSC Visakhapatnam.,,,707
ANDHRA PRADESH,VISAKHAPATNAM,SZAPVSKRKBCHML,RK Mission Library ,Library,,2002
ANDHRA PRADESH,VISAKHAPATNAM,SZAPVSKRKBCHRS,Rajiv Smruthi Bhavan ,Tourist Spot,Memorial,550
ANDHRA PRADESH,VISAKHAPATNAM,SZAPVSKRKBCHSP,Spencers Beach Road,Retail,,482
ANDHRA PRADESH,VISAKHAPATNAM,SZAPVSKRKBCHYM,YMCA Beach Road ,College,,1091
ANDHRA PRADESH,VISAKHAPATNAM,SZAPVSKSAMDCSE,SITAMMADHARA CSE  Visakhapatnam..,,,315
ANDHRA PRADESH,VISAKHAPATNAM,SZAPVSKSPTSCSC,STPS CSC  Visakhapatnam.,,,53
ANDHRA PRADESH,VISAKHAPATNAM,SZAPVSKVUDAPRK,Vuda park,Tourist Spot,Park,362
ANDHRA PRADESH,WARANGAL,SZAPWGLBDRKATP,Bhadrakali Temple,Historical Site,Temple,
ANDHRA PRADESH,WARANGAL,SZAPWGLCLPDBGD,COLLAPSED BRIDGE ,,,
ANDHRA PRADESH,WARANGAL,SZAPWGLJAYAHPL,jaya hospital.,Hospital,,526
ANDHRA PRADESH,WARANGAL,SZAPWGLJGLPLLY,Jangalapally.,Municipality,Town,4
ANDHRA PRADESH,WARANGAL,SZAPWGLKLDAVLG,Kalleda Village.,Village,,
ANDHRA PRADESH,WARANGAL,SZAPWGLMNDATRI,Manda Turhi(Nellikudurla).,,,207
ANDHRA PRADESH,WARANGAL,SZAPWGLMUPPRAM,Mupparam Warangal.,Village,,69
ANDHRA PRADESH,WARANGAL,SZAPWGLPASRATE,Pasra Telephone Exchange ,Telephone exchange,,851
ANDHRA PRADESH,WARANGAL,SZAPWGLPBGARDN,Public Gardens,Park,,3037
ANDHRA PRADESH,WARANGAL,SZAPWGLPNCHKPT,Penchikalpet ,Village,,105
ANDHRA PRADESH,WARANGAL,SZAPWGLRDLWVLG,Redlawada Warangal.,Municipality,Town,135
ANDHRA PRADESH,WARANGAL,SZAPWGLRTCBSTD,Warangal Bus stand,Bus Terminal,,4550
ANDHRA PRADESH,WARANGAL,SZAPWGLSRGMPET,station road girmajipeta..,Municipality,Road,979
ANDHRA PRADESH,WARANGAL,SZAPWGLTHGJVLG,Thigarajupally Warangal.,Municipality,,295
ANDHRA PRADESH,WARANGAL,SZAPWGLTHPLRTP,Thousand pillar temple,Temple,,272
CHENNAI TELEPHONES,CHENNAI TELEPHONES,SZCNCHNANARDEX,Anna road Exchange,Telephone exchange,,57
CHENNAI TELEPHONES,CHENNAI TELEPHONES,SZCNCHNCTTCEXG,RGMTTC (CTTC),,,688
CHENNAI TELEPHONES,CHENNAI TELEPHONES,SZCNCHNGMOFGDY,GM office chennai,Office,,671
CHENNAI TELEPHONES,CHENNAI TELEPHONES,SZCNCHNGRMSRDC,Greams road CSC ,,,546
CHENNAI TELEPHONES,CHENNAI TELEPHONES,SZCNCHNHIGHCRT,High court Chennai.,Court,,284
CHENNAI TELEPHONES,CHENNAI TELEPHONES,SZCNCHNKMDPMEX,Kalmandapam Exchange,Telephone exchange,,537
CHENNAI TELEPHONES,CHENNAI TELEPHONES,SZCNCHNKMNCVDY,Kumananchavady.,Municipality,Suburb,180
CHENNAI TELEPHONES,CHENNAI TELEPHONES,SZCNCHNKNTBBTS,Kanchinilayam near Tnagar busstandBT.,Bus Terminal,,544
CHENNAI TELEPHONES,CHENNAI TELEPHONES,SZCNCHNMAMSHTL,Shore temple,Temple,,97
CHENNAI TELEPHONES,CHENNAI TELEPHONES,SZCNCHNMEPZEXC,MEPZ Exge. CHENNAI .,,,183
CHENNAI TELEPHONES,CHENNAI TELEPHONES,SZCNCHNPGPKBTS,PANAGAL PARK BTS.,Park,,515
CHENNAI TELEPHONES,CHENNAI TELEPHONES,SZCNCHNPLVMRSU,PALLAVARAM RSU,,,567
CHENNAI TELEPHONES,CHENNAI TELEPHONES,SZCNCHNRKNRGEX,R.K nagar Exge Chennai.,Telephone exchange,,97
CHENNAI TELEPHONES,CHENNAI TELEPHONES,SZCNCHNWTMBMEX,West Tambaram,Municipality,Suburb,172
KERALA,ALLEPPEY,SZKLALPBOATRFP,ALP Boat race finishing point ,,,
KERALA,ALLEPPEY,SZKLALPCLCTRTE,Collectorate office Alleppey,Office,,3
KERALA,ALLEPPEY,SZKLALPCTOOFCE,CTO Office  Alleppey,,,
KERALA,ALLEPPEY,SZKLALPMVLKCTO,Mavelikara CTO Alleppey,,,
KERALA,ERNAKULAM/Cochin,SZKLENKBRHMSTM,Brahma Sthanam,,,
KERALA,ERNAKULAM/Cochin,SZKLENKBSNLBHN,BSNL Bhavan Ernakulam,BSNL Bhavan,,66
KERALA,ERNAKULAM/Cochin,SZKLENKCORPNBD,Corporation Office  Boat Jetty  Ernakulum (BSNL office),Office,,3
KERALA,ERNAKULAM/Cochin,SZKLENKDARBRHL,Durbar Hall Rd,Municipality,,67
KERALA,ERNAKULAM/Cochin,SZKLENKDISTCRT,District Court Cochin,Court,,22
KERALA,ERNAKULAM/Cochin,SZKLENKEDPLYJN,Edappally  junction,Municipality,Junction,189
KERALA,ERNAKULAM/Cochin,SZKLENKFORTCOC,Fort Kochi Corporation Zonal Office,Office,,195
KERALA,ERNAKULAM/Cochin,SZKLENKHIGHCRT,High Court Labour Office  Corporation Building,Office,,
KERALA,ERNAKULAM/Cochin,SZKLENKKALORBS,Kaloor Bus Stand,Bus Terminal,,13
KERALA,ERNAKULAM/Cochin,SZKLENKKSRTCSD,KSRTC Stand SRM Road,Bus Terminal,,345
KERALA,ERNAKULAM/Cochin,SZKLENKLKSHRHP,Lake shore Hospital,Hospital,,
KERALA,ERNAKULAM/Cochin,SZKLENKLSYHSPL,Lissy Hospital,Hospital,,553
KERALA,ERNAKULAM/Cochin,SZKLENKMARINDR,Marin Drive Corporation ,Office,,688
KERALA,ERNAKULAM/Cochin,SZKLENKMATNCRY,Mattancherry Corporation Office Cochin,Office,,4
KERALA,ERNAKULAM/Cochin,SZKLENKMEDICAL,MEDICALCENTRE  Hospital,Hospital,,75
KERALA,ERNAKULAM/Cochin,SZKLENKRPTRPTS,Tripunitharastatue,Municipality,Junction,81
KERALA,ERNAKULAM/Cochin,SZKLENKSREDMHP,SREEDHARIYAM Ayurvedic Hospital Building,Hospital,,29
KERALA,ERNAKULAM/Cochin,SZKLENKSUBSPRK,Subhash Park,Park,,4
KERALA,ERNAKULAM/Cochin,SZKLENKUCCAUVA,U C College Aluva,College,,91
KERALA,KOZHIKODE,SZKLKOZBCHROD2,Beach Road -2,Municipality,Road,951
KERALA,KOZHIKODE,SZKLKOZBEACHRD,Beach roads,Municipality,Road,1141
KERALA,KOZHIKODE,SZKLKOZCIVLOFC,Collector/Civil Office,Office,,349
KERALA,KOZHIKODE,SZKLKOZCORPOFC,Corporation Office,Office,,206
KERALA,KOZHIKODE,SZKLKOZDENCGHS,Dental College - Girls Hostel,College,,409
KERALA,KOZHIKODE,SZKLKOZGLSHGMC,Girls Hostel Govt Medical College Kozhikode,Hostel,,271
KERALA,KOZHIKODE,SZKLKOZGVMECLG,Govt Medical college Kozhikode,College,,503
KERALA,KOZHIKODE,SZKLKOZMANCIRA,Mananchira,Tourist Spot,,607
KERALA,KOZHIKODE,SZKLKOZMANKAVU,RP-02125-Mankavu,,,724
KERALA,KOZHIKODE,SZKLKOZMOFFUBS,Kozhikode Moffussil Bus Stand Kozhikode,Bus Stand,,2750
KERALA,KOZHIKODE,SZKLKOZNALAMTE,Nallalam Bsnl Exchange,Telephone exchange,,81
KERALA,KOZHIKODE,SZKLKOZNLIKDTE,Nellikode BSNL exchange.,Telephone exchange,,166
KERALA,KOZHIKODE,SZKLKOZPGHBGVM,P G Hostel - Boys Govt Medical College Kozhikode,Hostel,,145
KERALA,KOZHIKODE,SZKLKOZPNTHRKV,RP-00281-Pantherankav,,,178
KERALA,KOZHIKODE,SZKLKOZSMSTRET,S.M.STREET,,,
KERALA,KOZHIKODE,SZKLKOZSSBGVMC,Super Specialty Building,Hospital building,,971
KERALA,KOTTAYAM,SZKLKTMTNRACSC,Kottayam-THIRUNAKKARA CSC,BSNL Customer Service Center,,477
KERALA,MALAPPURAM,SZKLMRXCAIRPRT,Calicut Airport,Airport,,3441
KERALA,PALGHAT,SZKLPGTCTOTEBD,RP-00754-CTO TE Building.,BSNL Office,,75
KERALA,PALGHAT,SZKLPGTKDPDYBT,RP-02315-KODATHYPADY.,BSNL Office,,3
KERALA,PALGHAT,SZKLPGTOTPLMBT,RP-02317-OTTAPALAM_TE Palghat,,,
KERALA,PALGHAT,SZKLPGTOVKODBT,RP-00167-OLAVAKOD.,BSNL Office,,132
KERALA,PALGHAT,SZKLPGTPTBIWBT,RP-03157-PATTAMBITOWN Palghat,BSNL Office,,12
KERALA,KOLLAM,SZKLQLNADAKMBT,Andamukkam,Municipality,,31
KERALA,KOLLAM,SZKLQLNCHNKDBT,Chinnakkada,Municipality,,326
KERALA,KOLLAM,SZKLQLNDSTHSCS,District Hospital (CSC Building),Hospital,,352
KERALA,KOLLAM,SZKLQLNKOTYMTE,Kottiyam( TE Building).,Telephone exchange,,550
KERALA,KOLLAM,SZKLQLNPRVORTE,Paravoor Town (TE Building).,Telephone exchange,,167
KERALA,KOLLAM,SZKLQLNRILWSBT,Railway station,Railway Station,,418
KERALA,KOLLAM,SZKLQLNVLYMMBT,Vellayittambalam  Kollam,BSNL Customer Service Center,,86
KERALA,THRISSUR,SZKLTRCAMBADYT,Ambady Tourist Home,Hotel,,298
KERALA,THRISSUR,SZKLTRCBSNLCTR,BSNL centre Thrissur.,BSNL Customer Service Center,,355
KERALA,THRISSUR,SZKLTRCGVMPLOF,Guruvayoor Municipal Office,Municipality,Office,228
KERALA,THRISSUR,SZKLTRCPRMEXGD,Pooram Exhibition ground.,Exhibition Ground,,
KERALA,THIRUVANANTHAPURAM,SZKLTVMATINGTE,Attingal Exchange THIRUVANANTHAPURAM  .,Telephone exchange,,111
KERALA,THIRUVANANTHAPURAM,SZKLTVMATPRAZO,Attipra Zonal Office.,Office,,48
KERALA,THIRUVANANTHAPURAM,SZKLTVMCTOOFFC,CTO office BSNL,BSNL Customer Service Center,,572
KERALA,THIRUVANANTHAPURAM,SZKLTVMESTFTBT,East Fort BTS,Fort,,55
KERALA,THIRUVANANTHAPURAM,SZKLTVMHELCOMC,Health Circle Office - Medical College.,College,,4
KERALA,THIRUVANANTHAPURAM,SZKLTVMHELCONC,Health Circle Office  Nathancodu.,Office,,266
KERALA,THIRUVANANTHAPURAM,SZKLTVMHELCOPM,Health Circle Office  Palayam.,Office,,46
KERALA,THIRUVANANTHAPURAM,SZKLTVMHELCOSM,Health Circle Office  Sreekanteswaram,Office,,
KERALA,THIRUVANANTHAPURAM,SZKLTVMKZKTMZO,Kazhakkuttam zonal office.,Office,,20
KERALA,THIRUVANANTHAPURAM,SZKLTVMMLRRGIT,Rajiv Gandhi Institute,Institute,,
KERALA,THIRUVANANTHAPURAM,SZKLTVMNDMGDBT,Nedumangad Revenue Tower,Office,,78
KERALA,THIRUVANANTHAPURAM,SZKLTVMPAROMBT,Pattom BTS THIRUVANANTHAPURAM  .,,,258
KERALA,THIRUVANANTHAPURAM,SZKLTVMPBCOFBT,Public Office BTS THIRUVANANTHAPURAM.,Office,,160
KERALA,THIRUVANANTHAPURAM,SZKLTVMSTYLPBT,Style Plus BTS.,Showroom,,137
KERALA,THIRUVANANTHAPURAM,SZKLTVMTMCMUSM,TMC Main office at Museum Jn Vikasbhavan.,Office,,245
KERALA,THIRUVANANTHAPURAM,SZKLTVMUTMRHOC,Uttarayanam rest house of Corporation Trivandrum  .,Government Guest House,,97
KERALA,THIRUVANANTHAPURAM,SZKLTVMVKSBHBT,Vikas Bhavan BTS THIRUVANANTHAPURAM.,Municipality,,10
KERALA,THIRUVANANTHAPURAM,SZKLTVMVYRKVZO,Vattiyoorkavu zonal office.,Office,,41
KERALA,THIRUVANANTHAPURAM,SZKLTVMZNLOFTM,Health circle office sasthamangalam,Office,,39
KARNATAKA,BANGALORE,SZKTBGL1MGMALL,1 MG mall  Bangalore,Mall,,20
KARNATAKA,BANGALORE,SZKTBGLANJNRCS,ANJANANAGAR CSC.,BSNL Customer Service Center,,25
KARNATAKA,BANGALORE,SZKTBGLBNGESCS,BANGALORE EAST CSC.,BSNL Customer Service Center,,116
KARNATAKA,BANGALORE,SZKTBGLBROKEXG,BrookeField_Tel_Exg.,Telephone exchange,,262
KARNATAKA,BANGALORE,SZKTBGLBSNLJPN,BSNL JP Nagar Telephone exchange.,Telephone exchange,,107
KARNATAKA,BANGALORE,SZKTBGLBSNLKGR,KENGERI Telephone Exchange,Telephone exchange,,143
KARNATAKA,BANGALORE,SZKTBGLBSWDEXG,Banaswadi Telephone Exchange,Telephone exchange,,48
KARNATAKA,BANGALORE,SZKTBGLBSWSEXG,Basaweshwara Nagar RSU.,Municipality,Locality,20
KARNATAKA,BANGALORE,SZKTBGLCGMBLDG,CGMT  KTK Circle  Halasuru,Municipality,,172
KARNATAKA,BANGALORE,SZKTBGLCHNDRCS,CHANDRA LAYOUT,Municipality,Locality,13
KARNATAKA,BANGALORE,SZKTBGLCMHRCCD,CMH Road - Cafe Day,Café,,
KARNATAKA,BANGALORE,SZKTBGLCTOBLDG,CTO building Bangalore,Office,,92
KARNATAKA,BANGALORE,SZKTBGLCUBNPRK,Cuban Park Bangalore,Tourist Spot,,43
KARNATAKA,BANGALORE,SZKTBGLCVRNRTE,CVRnagar_TE.,Municipality,,205
KARNATAKA,BANGALORE,SZKTBGLDOMLRTE,Domlur_Exch.,Telephone exchange,,150
KARNATAKA,BANGALORE,SZKTBGLDORVNCS,DOORAVANINAGAR CSC.,BSNL Customer Service Center,,
KARNATAKA,BANGALORE,SZKTBGLGDWLACL,Goodwill Apartment-Chandra Layout Bangalore ,Residential,,60
KARNATAKA,BANGALORE,SZKTBGLGLOBVIG,MIND TREE Global Village,Office,,224
KARNATAKA,BANGALORE,SZKTBGLGNDNRCS,Gandhi Nagar CSC,BSNL Customer Service Center,,74
KARNATAKA,BANGALORE,SZKTBGLHSKRLTE,Hosakerehalli Telephone Exchange,Telephone exchange,,452
KARNATAKA,BANGALORE,SZKTBGLHSKTEXG,Hoskote telephone exchange,Telephone exchange,,62
KARNATAKA,BANGALORE,SZKTBGLIMABEXG,Fort_RSU_IMA_Bldg.,,,401
KARNATAKA,BANGALORE,SZKTBGLINDNRCS,INDIRANAGAR CSC,BSNL Customer Service Center,,53
KARNATAKA,BANGALORE,SZKTBGLJLHLICS,Jalahalli,Municipality,Town,49
KARNATAKA,BANGALORE,SZKTBGLJPNRBIL,JP Nagar 7th phase RBI Layout.,Municipality,,13
KARNATAKA,BANGALORE,SZKTBGLJYANRCS,Jayanagar CSC ,BSNL Customer Service Center,,60
KARNATAKA,BANGALORE,SZKTBGLKRSNRTE,Karisandra_Exch.,Telephone exchange,,170
KARNATAKA,BANGALORE,SZKTBGLKSLOTTE,Kumarswamy_LO TE.,Municipality,,441
KARNATAKA,BANGALORE,SZKTBGLLALBNCF,BNCF Office Lalbagh.,Office,,
KARNATAKA,BANGALORE,SZKTBGLLALGLHS,Glass House Lalbagh Bangalore.,Tourist Spot,,
KARNATAKA,BANGALORE,SZKTBGLMENAVBA,Menzies Aviation Bobba Aviation Centre,Office,,408
KARNATAKA,BANGALORE,SZKTBGLMSBULNG,MS building Bangalore,Office Complex,,252
KARNATAKA,BANGALORE,SZKTBGLNGVTPEX,NGV_TE.,,,13
KARNATAKA,BANGALORE,SZKTBGLNOC5FLR,BSNL NOC,,,149
KARNATAKA,BANGALORE,SZKTBGLNTPBLDG,NTP Building,,,5
KARNATAKA,BANGALORE,SZKTBGLPDMBNGR,Padmanabha nagar Telephone Exchange,Telephone exchange,,
KARNATAKA,BANGALORE,SZKTBGLPENYACS,PEENYA CSC.,BSNL Customer Service Center,,101
KARNATAKA,BANGALORE,SZKTBGLQDGNWTC,Brigade WTC  Bangalore,Commercial Office Space,,119
KARNATAKA,BANGALORE,SZKTBGLRJJIEXG,Rajaji Nagar ,Residential,,147
KARNATAKA,BANGALORE,SZKTBGLRRNGEXG,Rajarajeshwari Nagar,Residential,,41
KARNATAKA,BANGALORE,SZKTBGLRTNAGAR,RT Nagar Exchange,Telephone exchange,,287
KARNATAKA,BANGALORE,SZKTBGLSHKREXG,Sahakaranagar_RSU.,Municipality,Town,9
KARNATAKA,BANGALORE,SZKTBGLSKPMTLE,Shankarpuram_Tel_Ex.,Telephone exchange,,103
KARNATAKA,BANGALORE,SZKTBGLSRNGRTE,City Exchange RS Nagar,,,149
KARNATAKA,BANGALORE,SZKTBGLULRBSNL,Halasuru Exchange Bangalore,Telephone exchange,,117
KARNATAKA,BANGALORE,SZKTBGLVDYRNCS,VIDYARANYAPURA CSC.,BSNL Customer Service Center,,2
KARNATAKA,BANGALORE,SZKTBGLVIMNRCS,VIMANAPURA CSC.,BSNL Customer Service Center,,73
KARNATAKA,BANGALORE,SZKTBGLVJNBSNL,Vijayanagar,Municipality,Town,978
KARNATAKA,BANGALORE,SZKTBGLWMSBLDG,WMS building,,,16
KARNATAKA,BANGALORE,SZKTBGLWTCH8ARUBA,Brigade WTC  Bangalore,Commercial Office Space,,
KARNATAKA,BANGALORE,SZKTBGLYSTPRCS,YESHWANTPUR CSC.,BSNL Customer Service Center,,
KARNATAKA,BELGAUM,SZKTBGMLXMICEX,Sri Lakshmi Complex  APMC Road  Sadashivanagar,Office Complex,,99
KARNATAKA,BELGAUM,SZKTBGMMGCLMEX,Manasa ganga Appartment M.G.Colony Tilakwadi,Residential,,29
KARNATAKA,BELGAUM,SZKTBGMMHTSNEX,BSNL TE Mahantesh Nagar,BSNL Office,,88
KARNATAKA,BELGAUM,SZKTBGMRDIOCEX,NEAR ANUPAM LODGE RADIO COMPLEX BELGAUM -590001,Municipality,,408
KARNATAKA,BIJAPUR,SZKTBJPBADGOND,Badagondi Bagalkot.,Municipality,,
KARNATAKA,BELLARY,SZKTBLYASIHMPI,Hampi,Village,,52
KARNATAKA,BELLARY,SZKTBLYKUDTINI,Kudatini Ballari Dist Kudatini.bellary,Municipality,,276
KARNATAKA,BELLARY,SZKTBLYKURUGOD,Kurugod Ballari Dist.Ballari,Municipality,,1108
KARNATAKA,CHIKMAGALUR,SZKTCKGGMOFFIC,GM office ,,,44
KARNATAKA,CHIKMAGALUR,SZKTCKGKOTEAGR,Kote Agrahara Circle,Municipality,,105
KARNATAKA,CHIKMAGALUR,SZKTCKGNLRGATE,Nellur gate KM Road,Municipality,,4
KARNATAKA,CHIKMAGALUR,SZKTCKGVJYPURA,Vijayapura Telephone Exchange,Telephone exchange,,
KARNATAKA,GULBARGA,SZKTGLBKHAJURI,Khajuri Kalburgi Dist.,Village,,5
KARNATAKA,GULBARGA,SZKTGLBMOGHAKG,Mogha Kalburgi ,Village,,
KARNATAKA,HUBLI,SZKTHBLAPMCMKT,APMC  Dharwad.,,,471
KARNATAKA,DHARWAD,SZKTHBLBSNLOFC,Hubli BSNL Office,Office,,505
KARNATAKA,DHARWAD,SZKTHBLBSNLVNR,Vidhyanagar BSNL Exchange ,Telephone exchange,,414
KARNATAKA,HUBLI,SZKTHBLCOTNMKT,Cotton market,Market,,
KARNATAKA,HUBLI,SZKTHBLDESAIPK,Desai Park Hubli.,Municipality,,118
KARNATAKA,HUBLI,SZKTHBLDJIBNPT,Dajiban Pet Hubli..,Municipality,Town,211
KARNATAKA,HUBLI,SZKTHBLDTTRYRD,Dattatray road Gadag.,Municipality,,851
KARNATAKA,DHARWAD,SZKTHBLGJNDREX,Gajendragarh Exchange,Telephone exchange,,146
KARNATAKA,HUBLI,SZKTHBLGKLRDTE,Tel.Exch.Gokul Road Hubli.,Telephone exchange,,431
KARNATAKA,HUBLI,SZKTHBLGNGMRSD,Gangamma Residency hubli.,Residential,,425
KARNATAKA,DHARWAD,SZKTHBLHARTIGG,Harti Gram panchayat,Municipality,Gram Panchayat,1545
KARNATAKA,HUBLI,SZKTHBLHRMRDTE,Haveri main Telephone Exchange,Telephone exchange,,132
KARNATAKA,DHARWAD,SZKTHBLHULKOTI,Hulkoti Gram panchayat.,Municipality,Gram Panchayat,2038
KARNATAKA,HUBLI,SZKTHBLJUBLICL,Jubli Circle Dharwad.,Municipality,,87
KARNATAKA,HUBLI,SZKTHBLLCHAVRI,Laxmi Complex,Municipality,,626
KARNATAKA,HUBLI,SZKTHBLMRWAVHR,Microwave Office,,,39
KARNATAKA,HUBLI,SZKTHBLNBSDRWD,New Bus stand Dharwad.,Bus Stand,,114
KARNATAKA,HUBLI,SZKTHBLNEWTENG,New Tel Exchange Gadag.,Telephone exchange,,2066
KARNATAKA,HUBLI,SZKTHBLRAILTWR,Railway Tower Gadag.,,,883
KARNATAKA,HUBLI,SZKTHBLRBNNRTE,Tel.exchange Ranebennur.,Telephone exchange,,91
KARNATAKA,HUBLI,SZKTHBLSAPTPUR,Saptapur Dharwad.,Municipality,Town,
KARNATAKA,HUBLI,SZKTHBLSHIRURP,Shirur Park,Municipality,Town,148
KARNATAKA,HUBLI,SZKTHBLSTRQTRS,STR Staff Quarters Gadag.,Residential,,686
KARNATAKA,DHARWAD,SZKTHBLUASPRGB,Pragathi Block.,,,
KARNATAKA,HUBLI,SZKTHBLUDAYHTL,Uday Hostel dharwad.,Hostel,,142
KARNATAKA,HUBLI,SZKTHBLVDBHVRI,Vidya Building Haveri.,,,177
KARNATAKA,HUBLI,SZKTHBLVIDYGRI,Vidyagiri Dharwad.,Municipality,Town,59
KARNATAKA,HASSAN,SZKTHSNGMOFCSC,CSC GM Office  Hassan.,BSNL Customer Service Center,,763
KARNATAKA,HASSAN,SZKTHSNMNEXCSC,CSC Main Exge  Hassan.,BSNL Customer Service Center,,160
KARNATAKA,HASSAN,SZKTHSNZPOFICE,ZP Office  Hassan.,Municipality,Zila Panchayat Office,187
KARNATAKA,MYSORE,SZKTMDYKRSGRDN,Brindavan Garden KRS Near Musical fountain.,Park,,291
KARNATAKA,MANDYA,SZKTMDYSACMUTT,Sri Adichunchanagiri Mutt,Religious Site - Ashram,,315
KARNATAKA,DAKSHINA KANNADA,SZKTMNGAIRPORT,Mangalore Airport,Airport,,3149
KARNATAKA,Mangalore,SZKTMNGBLTDCSC,Beltangady CSC Mangalore.,BSNL Customer Service Center,,313
KARNATAKA,Mangalore,SZKTMNGBNTWLTE,Bantwal EXGE  Mangalore.,Telephone exchange,,472
KARNATAKA,Mangalore,SZKTMNGBUNTHTL,BUNTS HOSTEL.,Hostel,,130
KARNATAKA,Mangalore,SZKTMNGCARSTRT,CAR STREET EXGE,,,73
KARNATAKA,DAKSHINA KANNADA,SZKTMNGCEOZPOF,ZP office Mangalore,Office,,207
KARNATAKA,DAKSHINA KANNADA,SZKTMNGDCOFICE,DC office Mangalores,Office,,143
KARNATAKA,Mangalore,SZKTMNGIMABTSS,IMA HOUSE BTS ,Residential,,81
KARNATAKA,Mangalore,SZKTMNGIMPCRTB,IMPERIAL COURT BTS,Court,,35
KARNATAKA,Mangalore,SZKTMNGKAVOORU,Kavooru Telephone Exchange,Telephone exchange,,119
KARNATAKA,DAKSHINA KANNADA,SZKTMNGKVGSULA,KVG Sullia Campus  Mangalore-DKTD,College,,224
KARNATAKA,Mangalore,SZKTMNGMBRKTCB,MUBARAK TC BTS ,BSNL Office,,142
KARNATAKA,Mangalore,SZKTMNGMNHDBTS,MANJESH ARCADE BTS.,,,160
KARNATAKA,Mangalore,SZKTMNGMNMTWRK,Millenium tower kankandy ,,,225
KARNATAKA,Mangalore,SZKTMNGMNRDBTS,MAIN ROAD BTS Mangalore.,Bus Terminal,,206
KARNATAKA,Mangalore,SZKTMNGNRMRGTE,Neermarg TE.,Municipality,,398
KARNATAKA,Mangalore,SZKTMNGPNDSRTE,Pandeshwara Exge Mangalore.,Municipality,,79
KARNATAKA,Mangalore,SZKTMNGPUTURTE,PUTTUR TE.,,,24
KARNATAKA,Mangalore,SZKTMNGPVSCRCL,PVS CIRCLE,Municipality,,182
KARNATAKA,Mangalore,SZKTMNGRTCENTR,Royal Towers city center,,,400
KARNATAKA,Mangalore,SZKTMNGTMPLSQR,Temple Square,Municipality,,121
KARNATAKA,Mangalore,SZKTMNGULALATE,ULLALA Exchange,Telephone exchange,,369
KARNATAKA,Mangalore,SZKTMNGUSKMUTT,Udupi sri Krishna mutt.,Temple,,427
KARNATAKA,Mangalore,SZKTMNGVNKTTWR,VENKATESH TOWER BTS ,,,26
KARNATAKA,MYSORE,SZKTMYSCCOMPLX,Court Complex Mysore,Court,,372
KARNATAKA,MYSORE,SZKTMYSGRGSWRI,Gargeshwari Mysore Dist Gargeshwari .mysore,Village,,1097
KARNATAKA,MYSORE,SZKTMYSRTTCBSN,RTTC Mysore,,,68
KARNATAKA,MYSORE,SZKTMYSTALAKAD,Talkad Mysore Dist,Municipality,Town,548
KARNATAKA,MYSORE,SZKTMYSZOOMYSR,MYSORE ZOO,Zoo,,364
KARNATAKA,TUMKUR,SZKTTMRHARLALU,Haralalu Tumkur Dist Haralalu.Tumkur,,,
KARNATAKA,TUMKUR,SZKTTMRYEDIYUR,Yediyur Tumkur ,Village,,36
TAMILNADU,COIMBATORE,SZTNCBTAIRPORT,Coimbatore Airport,Airport,,3256
TAMILNADU,COIMBATORE,SZTNCBTAUDISTR,Audi street.,,,156
TAMILNADU,COIMBATORE,SZTNCBTCOLCTRO,COLLECTORATE  COIMBATORE.,,,486
TAMILNADU,COIMBATORE,SZTNCBTKKINCOT,Kalaignar Karunanidhi Institute College Of Tech.,College,,17
TAMILNADU,COIMBATORE,SZTNCBTMTELEXC,Main Telephone Exchange CBT.,Telephone exchange,,1066
TAMILNADU,COIMBATORE,SZTNCBTPRNEWBS,New Bus Stand Tirupur.,Bus Stand,,1423
TAMILNADU,COIMBATORE,SZTNCBTPROLDBS,Old bus Stand Tirupur.,Bus Stand,,651
TAMILNADU,COIMBATORE,SZTNCBTSTBNKOI,State Bank Of India  Coimbatore,Bank,,139
TAMILNADU,CUDDALORE,SZTNCDLCHDTMTE,Chidambaram RSU Exchange.,Telephone exchange,,
TAMILNADU,ERODE,SZTNERDLEGORDN,HOTEL LEGORDIN  ERODE,Hotel,,93
TAMILNADU,ERODE,SZTNERDPRDRIBS,ERODE PERUNDURAI BUS STAND.,Bus Stand,,50
TAMILNADU,KARAIKUDI,SZTNKKDBSNLGMO,Karaikudi BSNL GM office Karaikudi,Office,,1561
TAMILNADU,MADURAI,SZTNMDUAIRPORT,Madurai Airport,Airport,,1128
TAMILNADU,MADURAI,SZTNMDUCHRISTE,North Chitrai Street Exchange,Municipality,Street,302
TAMILNADU,NAGARCOIL,SZTNNGCBSNLGMO,GM Office Nagerkoil.,Office,,29
TAMILNADU,NAGARCOIL,SZTNNGCKNKRRSU,Kanyakumari RSU Exchange.,Telephone exchange,,93
TAMILNADU,NAGARCOIL,SZTNNGCSDRMBTS,Suchidrum BTS.,Municipality,Town,23
TAMILNADU,OOTY,SZTNOTYBTCLGDN,Botanical Garden-Ooty,Tourist Spot,,325
TAMILNADU,OOTY,SZTNOTYCNRSPRK,Sims Park-Ooty,Tourist Spot,,128
TAMILNADU,OOTY,SZTNOTYCONRMKT,Coonoor Market-Ooty,Tourist Spot,,134
TAMILNADU,OOTY,SZTNOTYKDLURTE,Kudalur exchange.,Telephone exchange,,363
TAMILNADU,OOTY,SZTNOTYKTHRITE,Kothagiri exchange.,Telephone exchange,,106
TAMILNADU,OOTY,SZTNOTYOOTYTEX,Ooty Telephone exchange.,Telephone exchange,,232
TAMILNADU,PONDICHERRY,SZTNPDYBRTIPRK,Bharati park White Town,Tourist Spot,,796
TAMILNADU,PONDICHERRY,SZTNPDYCBRBTHS,Chunnambar Boat House,Boat House,,330
TAMILNADU,PONDICHERRY,SZTNPDYCSBCHRD,Chief Secretariat Office,Office,,526
TAMILNADU,PONDICHERRY,SZTNPDYLCBCHRD,Le CafÃ©,Café,,1940
TAMILNADU,PONDICHERRY,SZTNPDYMNEXRPS,Main Exchange  Rangapalli street.,Telephone exchange,,474
TAMILNADU,SALEM,SZTNSLMKSRCOET,KSR COLLEGE OF ENGG,College,,1172
TAMILNADU,SALEM,SZTNSLMMECMLSM,MAHENDRA ENGINEERING COLLEGE  MALLASAMUDRAM.,College,,475
TAMILNADU,SALEM,SZTNSLMNKLTPEX,Namakkal Telephone Exchange.,Telephone exchange,,21
TAMILNADU,SALEM,SZTNSLMSKCLTGD,SENKUNDAR ARTS & SCIENCE COLLEGE,College,,121
TAMILNADU,SALEM,SZTNSLMTOWNEXC,Town exchange,,,501
TAMILNADU,THANJAVUR,SZTNTNJBRDRTMP,Brihadeeswara Temple,Temple,,13
TAMILNADU,THANJAVUR,SZTNTNJBUSSTND,Thanjaur Busstand,Bus Stand,,222
TAMILNADU,THANJAVUR,SZTNTNJMAINTEX,Main Exchange Thanjavur.,Telephone exchange,,238
TAMILNADU,TRICHY,SZTNTRYAIRPORT,Trichy Airport,Airport,,3110
TAMILNADU,TRICHY,SZTNTRYMNGGATE,Main Guardgate Exchange  Trichy.,Telephone exchange,,708
TAMILNADU,TRICHY,SZTNTRYPDKTIBS,PUDHUKOTTAI BUS STAND.,Bus Stand,,986
TAMILNADU,TRICHY,SZTNTRYTXGTOFC,TAX building / GMT office  Trichy.,Office,,789
TAMILNADU,TUTICORIN,SZTNTTNAIRPORT,Tuticorin Airport,Airport,,36
TAMILNADU,VIRUDHUNAGAR,SZTNVGRSVKSIBS,Sivakasi Bus Stand.,Bus Stand,,135
TAMILNADU,VIRUDHUNAGAR,SZTNVGRVIRDNTE,Virudunagar Exchange,Telephone exchange,,427
CHHATTISGARH,BILASPUR,WZCHBLPARPALAK,River View Road,Municipality,Road,4413
CHHATTISGARH,BILASPUR,WZCHBLPCSCCEKB,CSC City Exchange Korba ,Telephone exchange,,4
CHHATTISGARH,BILASPUR,WZCHBLPCSCTYEB,CSC City Exchange,Telephone exchange,,115
CHHATTISGARH,BILASPUR,WZCHBLPCSCTYEK,Korba MP NagarExch.,Telephone exchange,,7
CHHATTISGARH,BILASPUR,WZCHBLPDTOCSCB,CSC Targhar DTO Bilaspur.,,,259
CHHATTISGARH,BILASPUR,WZCHBLPPTCLNEX,P&T Colony Kosabadi  Bilaspur,Municipality,Colony,71
CHHATTISGARH,DURG,WZCHDUGCSCPCHK,CSC Patel Chowk Durg..,BSNL Customer Service Center,,119
CHHATTISGARH,DURG,WZCHDUGCSCSECB,CSC Sector 1 Bhilai,,,35
CHHATTISGARH,RAIPUR,WZCHRYPAIMSHPL,AIIMS Hospital,Hospital,,489
CHHATTISGARH,RAIPUR,WZCHRYPANPMGDN,Anupam Garden,Tourist Spot,Garden,2266
CHHATTISGARH,RAIPUR,WZCHRYPCSCFAFA,CSC Fafadih,BSNL Customer Service Center,,55
CHHATTISGARH,RAIPUR,WZCHRYPCTOBSNL,BSNL office Raipur,Office,,426
CHHATTISGARH,RAIPUR,WZCHRYPCTOJSTM,CTO Jaistambh ,,,57
CHHATTISGARH,RAIPUR,WZCHRYPCTYCNMA,City Centre Mall,Mall,,806
CHHATTISGARH,RAIPUR,WZCHRYPDGIRLSC,Kalibadi Chowk,Municipality,Road,
CHHATTISGARH,RAIPUR,WZCHRYPHDMBREX,Chidambra,,,55
CHHATTISGARH,RAIPUR,WZCHRYPMEKRAHP,Mekahara Hospital  Raipur,Hospital,,185
CHHATTISGARH,RAIPUR,WZCHRYPNANMGDN,Nagar Nigam Garden - Raipur,Park,,2774
CHHATTISGARH,RAIPUR,WZCHRYPPANDRTE,RAI016_Pandri_Ex,,,416
CHHATTISGARH,RAIPUR,WZCHRYPRCPDBTS,Pachpedi Naka BTS,Bus Terminal,,949
CHHATTISGARH,RAIPUR,WZCHRYPSDMPOP1,Stadium Naya Raipur.,Stadium,,
CHHATTISGARH,RAIPUR,WZCHRYPSNDRTEG,Sundar Nagar,Municipality,Town,116
CHHATTISGARH,RAIPUR,WZCHRYPTGRNGRE,Tagore Nagar Raipur,Municipality,Town,83
GUJARAT,AHMEDABAD,WZGJAHDBDRACSC,Bhadra CSC,,,57
GUJARAT,AHMEDABAD,WZGJAHDHIGHCRT,Gujarat High Court.,Court,,642
GUJARAT,AHMEDABAD,WZGJAHDKGPSCSC,KGPS CSC.,BSNL Customer Service Center,,36
GUJARAT,AHMEDABAD,WZGJAHDKNKRCSC,Kankariya CSC  ,BSNL Customer Service Center,,19
GUJARAT,AHMEDABAD,WZGJAHDNRODCSC,Naroda CSC,BSNL Customer Service Center,,42
GUJARAT,AHMEDABAD,WZGJAHDNRPRCSC,Naranpura CSC,BSNL Customer Service Center,,67
GUJARAT,AHMEDABAD,WZGJAHDNVPRCSC,Navrangpura CSC,BSNL Customer Service Center,,66
GUJARAT,AHMEDABAD,WZGJAHDRLWPCSC,Railwaypura CSC.,BSNL Customer Service Center,,46
GUJARAT,AHMEDABAD,WZGJAHDSHAHBAG,Shahibaug CSC,BSNL Customer Service Center,,299
GUJARAT,AHMEDABAD,WZGJAHDVASNCSC,Vasna CSC.,BSNL Customer Service Center,,14
GUJARAT,AHMEDABAD,WZGJAHDVATVCSC,Vatva CSC ,BSNL Customer Service Center,,2
GUJARAT,AHMEDABAD,WZGJAHDVTPRCSC,Vastrapur CSC.,BSNL Customer Service Center,,23
GUJARAT,BHAVNAGAR,WZGJBHVNAGRCSC,BHAVNAGARCSC CSC.,BSNL Customer Service Center,,6
GUJARAT,BHUJ,WZGJBUJBHUJCSC,BHUJ CSC.,BSNL Customer Service Center,,62
GUJARAT,BHUJ,WZGJBUJGHDAMCS,GANDHIDHAM CSC Gujarat.,BSNL Customer Service Center,,45
GUJARAT,HIMATNAGAR,WZGJHMRBSNLCSC,BSNL Shop CSC.,BSNL Customer Service Center,,
GUJARAT,JAMNAGAR,WZGJJMNKVRDCSC,KV ROAD CSC,BSNL Customer Service Center,,39
GUJARAT,JUNAGARH,WZGJJNDGHBJCSC,GHB JUNAGADH CSC,BSNL Customer Service Center,,351
GUJARAT,JUNAGARH,WZGJJNDPRBRCSC,PORBANDARCSC.,BSNL Customer Service Center,,5
GUJARAT,PALANPUR,WZGJPLRJRVRCSC,Joravar Palace CSC.,BSNL Customer Service Center,,23
GUJARAT,RAJKOT,WZGJRJTAIRPORT,Rajkot Airport.,Airport,,632
GUJARAT,RAJKOT,WZGJRJTMOVIYAA,RAJ100_Moviya,,,
GUJARAT,SURENDRANAGAR,WZGJSENMAINCSC,MAIN CSC SEN CSC.,,,22
GUJARAT,SURAT,WZGJSRTANAVALA,Anaval BSNL EXCHANGE,Telephone exchange,,19
GUJARAT,SURAT,WZGJSRTARETHVG,Areth Village,Village,,33
GUJARAT,SURAT,WZGJSRTKADODXG,BSNL Exchange kadod,Telephone kadod,,11
GUJARAT,SURAT,WZGJSRTMADHIEX,Madhi,Village,,32
GUJARAT,SURAT,WZGJSRTMANGROL,Mangrol Village,Village,,12
GUJARAT,SURAT,WZGJSRTSARBHON,Sarbhon Village,Village,,2
GUJARAT,SURAT,WZGJSRTSTMMRKT,Surat Textile Market Ground floor.,Market,,1203
GUJARAT,VALSAD,WZGJVALNVSRCSC,Navsari FUWARA CSC.,,,78
GUJARAT,VALSAD,WZGJVALPGMPDMN,Parihari Grampanchayat Daman,Municipality,,155
GUJARAT,VALSAD,WZGJVALVGDADRA,Vanganga Lake Garden,Tourist Spot,,
MAHARASHTRA,AURANGABAD,WZMHAGDAIRPORT,Aurangabad Airport,Airport,,952
MAHARASHTRA,NAGPUR,WZMHNGPGODHANI, Godhani.,Municipality,Town,585
MAHARASHTRA,NAGPUR,WZMHNGPKAMPTEE,Kamptee Nagpur.,Municipality,Town,
MAHARASHTRA,NAGPUR,WZMHNGPKUHINPR,Kuhi.,Municipality,Town,607
MAHARASHTRA,NAGPUR,WZMHNGPNRNDNGR,Narendra Nagar,Municipality,,171
MAHARASHTRA,NAGPUR,WZMHNGPRTTCNPR,RTTC(BSNL Regional Telecom Training Centre) Nagapur..,BSNL Training Center,,14
MAHARASHTRA,NAGPUR,WZMHNGPSAONNER,Saoner.,Municipality,Town,599
MAHARASHTRA,NAGPUR,WZMHNGPSNCHRVR,Sanchar Vihar Nagpur.,Municipality,Town,30
MAHARASHTRA,NASIK,WZMHNSKBBSNAKT,Near Amrutkunj,Municipality,,423
MAHARASHTRA,NASIK,WZMHNSKBBTSNKU,Near Kushavart,Municipality,,65
MAHARASHTRA,NASIK,WZMHNSKBTETBSR,Trimbakeshwar-BSNL Telephone Exchange,Telephone exchange,,34
MAHARASHTRA,NASIK,WZMHNSKSWSATWR,Swami Samarth Gurupeeth,Religious Site - Ashram,,135
MAHARASHTRA,PANJI,WZMHPJMBTEMNGR,BSNL TELEPHONE EXCHANGE BLDG MANGUR.,Telephone exchange,,81
MAHARASHTRA,PANJI,WZMHPJMBTEMPSA,BSNL TELEPHONE EXCHANGE BLDG MAPUSA.,Telephone exchange,,9
MAHARASHTRA,PANJI,WZMHPJMBTEMRGA,BSNL TELEPHONE EXCHANGE BLDG MARGAO..,Telephone exchange,,58
MAHARASHTRA,PANJI,WZMHPJMBTEPATO,BSNL TELEPHONE EXCHANGE PATTO BLDG PANAJI.,Telephone exchange,,144
MAHARASHTRA,PANJI,WZMHPJMBTEPOND,BSNL TELEPHONE EXCHANGE BLDG PONDA.,Telephone exchange,,67
MAHARASHTRA,PANJI,WZMHPJMBTEVSCO,BSNL TELEPHONE EXCHANGE BLDG VASCO.,Telephone exchange,,126
MAHARASHTRA,PANJI,WZMHPJMCCDGSCB,GASPER CLUB,Club,,
MAHARASHTRA,PANJI,WZMHPJMCCDMPSA,MAPUSA CCD,Café,,
MAHARASHTRA,PANJI,WZMHPJMCCDPNJM,Panjim-CCD,Café,,
MAHARASHTRA,PUNE,WZMHPUNBHVNIPT,Bhavanipeth Exchange.,Telephone exchange,,95
MAHARASHTRA,PUNE,WZMHPUNDHKDEXC,Dhankawadi exchange.,Telephone exchange,,28
MAHARASHTRA,PUNE,WZMHPUNDYPABTS,DY Patil BTS Site.,College,,229
MAHARASHTRA,PUNE,WZMHPUNKOTHRUD,Kothrud PUNE.,Municipality,Suburb,153
MAHARASHTRA,PUNE,WZMHPUNMBLDGSN,Mangesh BLDG  Sasane Nagar Hadapsar Pune-28.,Residential,,
MAHARASHTRA,PUNE,WZMHPUNMKRECSC,MKR Ex/CSC.,,,421
MAHARASHTRA,PUNE,WZMHPUNMODLCSC,Model Colony ,Municipality,Locality,
MAHARASHTRA,PUNE,WZMHPUNRADVTCR,283 Ramesh Adhav Trade centre Wadgaon Sheri Pune-14,,,195
MAHARASHTRA,PUNE,WZMHPUNSHKRWPT,ShukrawarPethExchange.,Telephone exchange,,410
MAHARASHTRA,PUNE,WZMHPUNSWLCEXC,SHEWALE Complex exchange.,Telephone exchange,,346
MAHARASHTRA,PUNE,WZMHPUNTPEBSTM,Telephone exchange Balewadi stadium.,Telephone exchange,,
MAHARASHTRA,PUNE,WZMHPUNVIMANNR,viman Nagar,Municipality,,527
MADHYA PRADESH,BHOPAL,WZMPBPLAIIMSHS,Bhopal-AIIMS Hospital,Hospital,,2
MADHYA PRADESH,BHOPAL,WZMPBPLAIRPORT,Raja Bhoj Airport,Airport,,2702
MADHYA PRADESH,BHOPAL,WZMPBPLALOCKZ2,A Alock Building Zone-2 MP nagar Bhopal,,,351
MADHYA PRADESH,BHOPAL,WZMPBPLBDBDATE,P&T Colony Exchange,Telephone exchange,,102
MADHYA PRADESH,BHOPAL,WZMPBPLBGMUBTS,BAGMUGALIYA,Municipality,Town,160
MADHYA PRADESH,BHOPAL,WZMPBPLBSNLBTS,BSNL Bhavan,BSNL Bhavan,,125
MADHYA PRADESH,BHOPAL,WZMPBPLCIRYUHL,Chirayu College,College,,842
MADHYA PRADESH,BHOPAL,WZMPBPLCITYEXG,City Exchange  BSNL Office,Telephone exchange,,984
MADHYA PRADESH,BHOPAL,WZMPBPLHRTDODI,Highway Treat Dodi,Tourist Spot,,664
MADHYA PRADESH,BHOPAL,WZMPBPLINDRBTS,IndraPuri BTS,BSNL Office,,1191
MADHYA PRADESH,BHOPAL,WZMPBPLJPHOSPL,jp hospital,Hospital,,1085
MADHYA PRADESH,BHOPAL,WZMPBPLKARONDA,Karond Telephone exchange Bhopal,Telephone exchange,,1393
MADHYA PRADESH,BHOPAL,WZMPBPLKOEFIZA,Koh-E-Fiza Exchange Bhopal,Telephone exchange,,174
MADHYA PRADESH,BHOPAL,WZMPBPLNRMDBWN,Narmada Bhawan,Office Complex,,
MADHYA PRADESH,BHOPAL,WZMPBPLOLDSKTT,Old Sakat,Municipality,,
MADHYA PRADESH,BHOPAL,WZMPBPLPCLNBTS,Professior Colony BTS,Residential,,212
MADHYA PRADESH,BHOPAL,WZMPBPLPIPLAEX,Piplani Exchange AP 1.Bhopal,Telephone exchange,,1197
MADHYA PRADESH,BHOPAL,WZMPBPLPNDAVIG,Phanda Village,Village,,294
MADHYA PRADESH,BHOPAL,WZMPBPLPRESSCX,Press Complex Zone-1 MP Nagar,Office Complex,,724
MADHYA PRADESH,BHOPAL,WZMPBPLQTYBDZ2,Quality Building Zone-2 ,,,530
MADHYA PRADESH,BHOPAL,WZMPBPLRAJIVTE,Rajivnagar Exchange,Telephone exchange,,172
MADHYA PRADESH,BHOPAL,WZMPBPLRAMACMP,Rama Complex Zone-1,Office Complex,,533
MADHYA PRADESH,BHOPAL,WZMPBPLRGVPUTY,RGVP University,University,,173
MADHYA PRADESH,BHOPAL,WZMPBPLSAKTNGR,Saket Nagar Bhopal,Municipality,,4
MADHYA PRADESH,BHOPAL,WZMPBPLSBJMAND,Sabji Mandi ,Municipality,,138
MADHYA PRADESH,BHOPAL,WZMPBPLUPRLAKE,Upper Lake,Tourist Spot,,990
MADHYA PRADESH,CHHINDWARA,WZMPCHWBSNLOFC,BNSL Office,BSNL OfficeBSNL OfficeBSNL OfficeBSNL Office,,1038
MADHYA PRADESH,CHHINDWARA,WZMPCHWCOLCTCM,The Collectorate Campus  Chhindwara.,Municipality,,394
MADHYA PRADESH,CHHINDWARA,WZMPCHWSAKRTRH,Satkar Tiraha (New Bus Stand).,Bus Stand,,937
MADHYA PRADESH,CHHATARPUR,WZMPCPUKHJARPT,Khajuraho Airport,Airport,,
MADHYA PRADESH,BHOPAL,WZMPCPUKHJRAHO,Varaha Temple,Temple,,792
MADHYA PRADESH,DHAR,WZMPDHRMNDUSTP,Mandu Bust stand / Jama Maszid,Bus Stand,,
MADHYA PRADESH,GWALIOR,WZMPGWLCITYCTR,City Center,Municipality,,183
MADHYA PRADESH,GWALIOR,WZMPGWLMORARBE,Morar BSNL Exchange Office,Telephone exchange,,3
MADHYA PRADESH,GWALIOR,WZMPGWLNCLCTRT,New Collectorate,,,479
MADHYA PRADESH,GWALIOR,WZMPGWLPNBMBTS,PNB Morar BSNL BTS,BSNL Office,,13
MADHYA PRADESH,GWALIOR,WZMPGWLPTCOLNY,P&T Colony,Residential,,509
MADHYA PRADESH,GWALIOR,WZMPGWLWINDSOR,Windsor Hills ,Residential,,194
MADHYA PRADESH,INDORE,WZMPINDAHLYPUR,Ahilya Pura Indore.,Municipality,Town,144
MADHYA PRADESH,INDORE,WZMPINDGNTMPKJ,Ganesh Temple,Temple,,799
MADHYA PRADESH,INDORE,WZMPINDHTLNRVN,Hotel Nirvana,Hotel,,
MADHYA PRADESH,INDORE,WZMPINDHWDRCMG,Happy Wonders Chimanbag,Resort,,
MADHYA PRADESH,INDORE,WZMPINDJWHRMRG,Jawahar Marg ,Municipality,Locality,154
MADHYA PRADESH,INDORE,WZMPINDMGDOTPK,Meghdoot Park Indore,Tourist Spot,,177
MADHYA PRADESH,INDORE,WZMPINDNAYANGR,Nyay Nagar Indore.,Municipality,Town,
MADHYA PRADESH,INDORE,WZMPINDNRUPRK1,Nehru Park-1 Indore,Park,,508
MADHYA PRADESH,INDORE,WZMPINDNVRTNBG,Navaratan Bagh,Municipality,Town,30
MADHYA PRADESH,INDORE,WZMPINDPOTLODV,Potload Village,Village,,235
MADHYA PRADESH,INDORE,WZMPINDPTRKRCN,Patrakar Colony.,Municipality,Locality,108
MADHYA PRADESH,INDORE,WZMPINDRAJAWDA,Rajwada,Historical Site,,792
MADHYA PRADESH,INDORE,WZMPINDRGLPARK,Reginal Park,Park,,240
MADHYA PRADESH,INDORE,WZMPINDSCHME71,Scheme 71,,,40
MADHYA PRADESH,INDORE,WZMPINDTNPTNGR,Transport Nagar,Municipality,Town,69
MADHYA PRADESH,INDORE,WZMPINDZOOINDR,Kamla Nehru Prani Udyan Indore (Zoo).,Zoo,,124
MADHYA PRADESH,JABALPUR,WZMPJBPCTOBSNL,CTO BSNL NEW Building,Office,,923
MADHYA PRADESH,JABALPUR,WZMPJBPKRISHIM,VIJAY NAGAR BSNL Exchange,Telephone exchange,,281
MADHYA PRADESH,JABALPUR,WZMPJBPMLNGJEX,Miloniganj JBP.,Municipality,Town,467
MADHYA PRADESH,JABALPUR,WZMPJBPRNGBZEX,Ranjhi Bazar Jabalpur.,Municipality,Road,308
MADHYA PRADESH,JABALPUR,WZMPJBPSRDRMKT,SADAR MARKET BSNL Exchange.,Telephone exchange,,520
MADHYA PRADESH,JABALPUR,WZMPJBPTTCEXEG,TTC BSNL Exchange,Telephone exchange,,33
MADHYA PRADESH,JABALPUR,WZMPJBPWRIGHTN,Wright town,Municipality,Town,467
MADHYA PRADESH,RAISEN,WZMPRSNSSMNDIR,Sanchi Stupa Mandir,Temple,,451
MADHYA PRADESH,BHOPAL,WZMPSAUORCHATL,Orchaa Temple,Temple,,33
MADHYA PRADESH,UJJAIN,WZMPUJNCMDHSPT,Chamunda Hospital,Hospital,,460
MADHYA PRADESH,UJJAIN,WZMPUJNGPLMNDR,Gopal Temple,Temple,,1308
MADHYA PRADESH,UJJAIN,WZMPUJNISCONTM,ISKON Temple,Temple,,867
MADHYA PRADESH,UJJAIN,WZMPUJNKBHVTMP,Kalbhairav Temple,Temple,,1465
MADHYA PRADESH,UJJAIN,WZMPUJNNANKDBS,C21 Mall (Nanakheda  Bus Stand),Mall,,1643
MADHYA PRADESH,UJJAIN,WZMPUJNRLWAYP2,Railway station POP location 2  Ujjain,Railway Station,,874
MADHYA PRADESH,UJJAIN,WZMPUJNTWRCHKF,Tower Chowk,Municipality,Junction,3370
